Workbook

Sheet Currency_Commodity_Price
A1: Price | B1: Close | C1: Close | D1: Close | E1: Close | F1: Close | G1: Close | H1: Close | I1: Close | J1: Close | K1: Close | L1: Close | M1: Close
A2: Ticker | B2: EURUSD | C2: GBPUSD=X | D2: RUBUSD=X | E2: CNYUSD=X | F2: AEDUSD=X | G2: GC=F | H2: SI=F | I2: ZN=F | J2: LBS=F | K2: CT=F | L2: GPHOF | M2: LIT
A3: Date | G3: GOLDFUTURE | H3: SILVERFUTURE | I3: WHEATFUTURE | J3: WOODFUTURE | K3: COTTONFUTURE | L3: GRAPHITE_etf | M3: LITHIUM_etf
A4: 42005 | B4: 1.1875356 | C4: 1.5137982 | D4: 0.015832806 | E4: 0.16123831 | F4: 0.27232372 | G4: 1210.6 | H4: 16.51 | I4: 128.46875 | J4: 327.29999 | K4: 60.43 | L4: 0.76999998 | M4: 19.109718
A5: 42012 | B5: 1.1778286 | C5: 1.5170363 | D5: 0.015340953 | E5: 0.16161353 | F5: 0.27232372 | G5: 1234.4 | H5: 16.955999 | I5: 129.76562 | J5: 315.89999 | K5: 58.98 | L5: 0.64999998 | M5: 19.179142
A6: 42019 | B6: 1.1546944 | C6: 1.5147384 | D6: 0.015391719 | E6: 0.16116295 | F6: 0.27232372 | G6: 1293.7 | H6: 18.179001 | I6: 129.4375 | J6: 308.70001 | K6: 58.009998 | L6: 0.69999999 | M6: 19.370066
A7: 42026 | B7: 1.1367382 | C7: 1.5188104 | D7: 0.01471562 | E7: 0.16038236 | F7: 0.27232372 | G7: 1285.9 | H7: 18.068001 | I7: 130.46875 | J7: 315.5 | K7: 59.439999 | L7: 0.63 | M7: 19.352709
A8: 42033 | B8: 1.1457379 | C8: 1.5142109 | D8: 0.015364524 | E8: 0.16011016 | F8: 0.27232372 | G8: 1263.8 | H8: 17.379 | I8: 130 | J8: 309.60001 | K8: 61.23 | L8: 0.64999998 | M8: 19.335354
A9: 42040 | B9: 1.1321951 | C9: 1.5262051 | D9: 0.015310418 | E9: 0.16046728 | F9: 0.27232372 | G9: 1219 | H9: 16.745001 | I9: 128.35938 | J9: 313.79999 | K9: 62.02 | L9: 0.69999999 | M9: 19.786625
A10: 42047 | B10: 1.1404719 | C10: 1.5353436 | D10: 0.01569243 | E10: 0.16015118 | F10: 0.27232372 | G10: 1199.7 | H10: 16.25 | I10: 128.01562 | J10: 303 | K10: 64.620003 | L10: 0.79000002 | M10: 20.446184
A11: 42054 | B11: 1.1339025 | C11: 1.5459056 | D11: 0.015940065 | E11: 0.16012553 | F11: 0.27233114 | G11: 1201 | H11: 16.424 | I11: 128.71875 | J11: 291.20001 | K11: 65.519997 | L11: 0.75999999 | M11: 20.741245
A12: 42061 | B12: 1.1182179 | C12: 1.5366648 | D12: 0.016169455 | E12: 0.15965004 | F12: 0.27233114 | G12: 1200.6 | H12: 16.132 | I12: 127.5625 | J12: 290.70001 | K12: 63.610001 | L12: 0.69999999 | M12: 20.741245
A13: 42068 | B13: 1.0708702 | C13: 1.5082047 | D13: 0.016117334 | E13: 0.15994882 | F13: 0.27233114 | G13: 1150.7 | H13: 15.345 | I13: 127.60938 | J13: 281.70001 | K13: 60.330002 | L13: 0.60000002 | M13: 19.994911
A14: 42075 | B14: 1.0598048 | C14: 1.4752091 | D14: 0.016282218 | E14: 0.16026924 | F14: 0.27232372 | G14: 1151.4 | H14: 15.525 | I14: 129.15625 | J14: 278.70001 | K14: 62.48 | L14: 0.60000002 | M14: 19.769272
A15: 42082 | B15: 1.0902034 | C15: 1.4833933 | D15: 0.017319016 | E15: 0.16141268 | F15: 0.27233114 | G15: 1197.3 | H15: 16.98 | I15: 128.8125 | J15: 287.60001 | K15: 63.16 | L15: 0.60000002 | M15: 19.613064
... A440: 45057 | B440: 1.0865668 | C440: 1.2484394 | D440: 0.012429308 | E440: 0.14333629 | F440: 0.27239793 | G440: 1980.7 | H440: 23.752001 | I440: 114.57812 | J440: 344 | K440: 86.940002 | L440: 1.15 | M440: 61.638496
A441: 45064 | B441: 1.0769712 | C441: 1.241727 | D441: 0.012480499 | E441: 0.14171533 | F441: 0.27238309 | G441: 1962.8 | H441: 23.115 | I441: 113.42188 | K441: 81.720001 | L441: 1.0700001 | M441: 60.759197
A442: 45071 | B442: 1.0733069 | C442: 1.2411876 | D442: 0.012561236 | E442: 0.14126288 | F442: 0.27233856 | G442: 1963.9 | H442: 23.474001 | I442: 113.625 | K442: 83.480003 | L442: 1.0599999 | M442: 59.440266
A443: 45078 | B443: 1.0698048 | C443: 1.2428536 | D443: 0.012297854 | E443: 0.14047311 | F443: 0.27233856 | G443: 1942.7 | H443: 23.438999 | I443: 112.53125 | K443: 85.010002 | L443: 1.015 | M443: 61.677578
A444: 45085 | B444: 1.0789349 | C444: 1.2606844 | D444: 0.011916821 | E444: 0.13953812 | F444: 0.27233856 | G444: 1955.3 | H444: 24.044001 | I444: 112.20312 | K444: 81.790001 | L444: 0.98500001 | M444: 63.465473
A445: 45092 | B445: 1.0920368 | C445: 1.276536 | D445: 0.011804425 | E445: 0.13926024 | F445: 0.27233856 | G445: 1933.3 | H445: 22.774 | I445: 112.46875 | K445: 79.309998 | L445: 0.98699999 | M445: 63.094215
A446: 45099 | B446: 1.0957223 | C446: 1.2744699 | D446: 0.011717835 | E446: 0.13852909 | F446: 0.27232372 | G446: 1912.3 | H446: 22.868 | I446: 113.25 | K446: 80.120003 | L446: 0.85799998 | M446: 62.087914
A447: 45106 | B447: 1.0884947 | C447: 1.271763 | D447: 0.011115435 | E447: 0.13862895 | F447: 0.27232372 | G447: 1919.6 | H447: 23.197001 | I447: 111.35938 | K447: 82.449997 | L447: 0.97399998 | M447: 65.184982
A448: 45113 | B448: 1.1014065 | C448: 1.2934771 | D448: 0.011053999 | E448: 0.13871164 | F448: 0.27233856 | G448: 1956.2 | H448: 24.118999 | I448: 112.26562 | K448: 82.510002 | L448: 1.03 | M448: 66.712494
A449: 45120 | B449: 1.122889 | C449: 1.303509 | D449: 0.010993239 | E449: 0.13928934 | F449: 0.27233114 | G449: 1977.5 | H449: 25.219 | I449: 113 | K449: 85.620003 | L449: 1.08 | M449: 65.987152
A450: 45127 | B450: 1.1050457 | C450: 1.2893908 | D450: 0.011090778 | E450: 0.14014631 | F450: 0.27233856 | G450: 1968.9 | H450: 24.825001 | I450: 112.14062 | K450: 89.980003 | L450: 1.13 | M450: 64.879532
A451: 45134 | B451: 1.1007881 | C451: 1.2795742 | D451: 0.010825439 | E451: 0.13934369 | F451: 0.27233114 | G451: 1937.4 | H451: 23.754 | I451: 110.79688 | K451: 85.080002 | L451: 1 | M451: 62.321201
A452: 45141 | B452: 1.0958904 | C452: 1.2741613 | D452: 0.010291242 | E452: 0.13858668 | F452: 0.27233114 | G452: 1915.4 | H452: 22.65 | I452: 111.39062 | K452: 86.110001 | L452: 0.93900001 | M452: 60.811691
... A525: 45652 | B525: 1.0406152 | C525: 1.2549099 | D525: 0.0090502845 | E525: 0.13702195 | F525: 0.27233114 | G525: 2629.2 | H525: 28.940001 | I525: 108.75 | K525: 68.400002 | L525: 0.47299999 | M525: 40.509953

Sheet Returns_Currency_Commodity
A1: Price | B1: Close | D1: Close | F1: Close | H1: Close | J1: Close | L1: Close | N1: Close | P1: Close | R1: Close | T1: Close | V1: Close | X1: Close
A2: Ticker | B2: EURUSD | C2: Return EURUSD | D2: GBPUSD | E2: Return GBPUSD | F2: RUBUSD | G2: Return RUBUSD | H2: CNYUSD | I2: Return CNYUSD | J2: AEDUSD | K2: Return AEDUSD | L2: GC=F | M2: Return Gold | N2: SI=F | O2: Return SILVER | P2: ZN=F | Q2: Return WHEAT | R2: LBS=F | S2: Return WOOD | T2: CT=F | U2: Return Cotton | V2: GPHOF | W2: Return Graphite | X2: LIT | Y2: Return Lithium
A3: Date | L3: GOLDFUTURE | M3: Return Gold | N3: SILVERFUTURE | O3: Return SILVER | P3: WHEATFUTURE | Q3: Return WHEAT | R3: WOODFUTURE | S3: Return WOOD | T3: COTTONFUTURE | U3: Return Cotton | V3: GRAPHITE_etf | W3: Return Graphite | X3: LITHIUM_etf | Y3: Return Lithium
A4: 42005 | B4: 1.1875356 | C4: =(B5-B4)/B4 -> -0.008174149 | D4: 1.5137982 | E4: =(D5-D4)/D4 -> 0.0021390446 | F4: 0.015832806 | G4: =(F5-F4)/F4 -> -0.031065427 | H4: 0.16123831 | I4: =(H5-H4)/H4 -> 0.0023271144 | J4: 0.27232372 | K4: =(J5-J4)/J4 -> 0 | L4: 1210.6 | M4: =(L5-L4)/L4 -> 0.019659714 | N4: 16.51 | O4: =(N5-N4)/N4 -> 0.027013879 | P4: 128.46875 | Q4: =(P5-P4)/P4 -> 0.010094867 | R4: 327.29999 | S4: =(R5-R4)/R4 -> -0.034830413 | T4: 60.43 | U4: =(T5-T4)/T4 -> -0.023994717 | V4: 0.76999998 | W4: =(V5-V4)/V4 -> -0.15584417 | X4: 19.109718 | Y4: =(X5-X4)/X4 -> 0.0036328989
A5: 42012 | B5: 1.1778286 | C5: =(B6-B5)/B5 -> -0.019641324 | D5: 1.5170363 | E5: =(D6-D5)/D5 -> -0.0015147154 | F5: 0.015340953 | G5: =(F6-F5)/F5 -> 0.0033091466 | H5: 0.16161353 | I5: =(H6-H5)/H5 -> -0.0027880091 | J5: 0.27232372 | K5: =(J6-J5)/J5 -> 0 | L5: 1234.4 | M5: =(L6-L5)/L5 -> 0.048039473 | N5: 16.955999 | O5: =(N6-N5)/N5 -> 0.07212795 | P5: 129.76562 | Q5: =(P6-P5)/P5 -> -0.0025285972 | R5: 315.89999 | S5: =(R6-R5)/R5 -> -0.022791965 | T5: 58.98 | U5: =(T6-T5)/T5 -> -0.016446274 | V5: 0.64999998 | W5: =(V6-V5)/V5 -> 0.076923098 | X5: 19.179142 | Y5: =(X6-X5)/X5 -> 0.0099547566
A6: 42019 | B6: 1.1546944 | C6: =(B7-B6)/B6 -> -0.015550657 | D6: 1.5147384 | E6: =(D7-D6)/D6 -> 0.0026882205 | F6: 0.015391719 | G6: =(F7-F6)/F6 -> -0.043926107 | H6: 0.16116295 | I6: =(H7-H6)/H6 -> -0.0048434829 | J6: 0.27232372 | K6: =(J7-J6)/J6 -> 0 | L6: 1293.7 | M6: =(L7-L6)/L6 -> -0.0060291621 | N6: 18.179001 | O6: =(N7-N6)/N6 -> -0.0061059495 | P6: 129.4375 | Q6: =(P7-P6)/P6 -> 0.0079671656 | R6: 308.70001 | S6: =(R7-R6)/R6 -> 0.022027818 | T6: 58.009998 | U6: =(T7-T6)/T6 -> 0.024650928 | V6: 0.69999999 | W6: =(V7-V6)/V6 -> -0.099999991 | X6: 19.370066 | Y6: =(X7-X6)/X6 -> -0.00089606679
A7: 42026 | B7: 1.1367382 | C7: =(B8-B7)/B7 -> 0.0079171312 | D7: 1.5188104 | E7: =(D8-D7)/D7 -> -0.0030283254 | F7: 0.01471562 | G7: =(F8-F7)/F7 -> 0.044096249 | H7: 0.16038236 | I7: =(H8-H7)/H7 -> -0.0016971941 | J7: 0.27232372 | K7: =(J8-J7)/J7 -> 0 | L7: 1285.9 | M7: =(L8-L7)/L7 -> -0.017186387 | N7: 18.068001 | O7: =(N8-N7)/N7 -> -0.038133775 | P7: 130.46875 | Q7: =(P8-P7)/P7 -> -0.0035928144 | R7: 315.5 | S7: =(R8-R7)/R7 -> -0.018700456 | T7: 59.439999 | U7: =(T8-T7)/T7 -> 0.030114417 | V7: 0.63 | W7: =(V8-V7)/V7 -> 0.031746002 | X7: 19.352709 | Y7: =(X8-X7)/X7 -> -0.00089677189
A8: 42033 | B8: 1.1457379 | C8: =(B9-B8)/B8 -> -0.011820131 | D8: 1.5142109 | E8: =(D9-D8)/D8 -> 0.0079210387 | F8: 0.015364524 | G8: =(F9-F8)/F8 -> -0.0035214964 | H8: 0.16011016 | I8: =(H9-H8)/H8 -> 0.0022304643 | J8: 0.27232372 | K8: =(J9-J8)/J8 -> 0 | L8: 1263.8 | M8: =(L9-L8)/L8 -> -0.035448684 | N8: 17.379 | O8: =(N9-N8)/N8 -> -0.036480746 | P8: 130 | Q8: =(P9-P8)/P8 -> -0.012620192 | R8: 309.60001 | S8: =(R9-R8)/R8 -> 0.013565832 | T8: 61.23 | U8: =(T9-T8)/T8 -> 0.012902187 | V8: 0.64999998 | W8: =(V9-V8)/V8 -> 0.076923098 | X8: 19.335354 | Y8: =(X9-X8)/X8 -> 0.023339167
A9: 42040 | B9: 1.1321951 | C9: =(B10-B9)/B9 -> 0.0073104186 | D9: 1.5262051 | E9: =(D10-D9)/D9 -> 0.0059877826 | F9: 0.015310418 | G9: =(F10-F9)/F9 -> 0.024951099 | H9: 0.16046728 | I9: =(H10-H9)/H9 -> -0.001969872 | J9: 0.27232372 | K9: =(J10-J9)/J9 -> 0 | L9: 1219 | M9: =(L10-L9)/L9 -> -0.01583269 | N9: 16.745001 | O9: =(N10-N9)/N9 -> -0.029561112 | P9: 128.35938 | Q9: =(P10-P9)/P9 -> -0.002678028 | R9: 313.79999 | S9: =(R10-R9)/R9 -> -0.034416788 | T9: 62.02 | U9: =(T10-T9)/T9 -> 0.041921997 | V9: 0.69999999 | W9: =(V10-V9)/V9 -> 0.12857148 | X9: 19.786625 | Y9: =(X10-X9)/X9 -> 0.03333359
A10: 42047 | B10: 1.1404719 | C10: =(B11-B10)/B10 -> -0.0057602343 | D10: 1.5353436 | E10: =(D11-D10)/D10 -> 0.0068792046 | F10: 0.01569243 | G10: =(F11-F10)/F10 -> 0.015780536 | H10: 0.16015118 | I10: =(H11-H10)/H10 -> -0.00016016117 | J10: 0.27232372 | K10: =(J11-J10)/J10 -> 2.7246984e-05 | L10: 1199.7 | M10: =(L11-L10)/L10 -> 0.001083645 | N10: 16.25 | O10: =(N11-N10)/N10 -> 0.010707679 | P10: 128.01562 | Q10: =(P11-P10)/P10 -> 0.0054924936 | R10: 303 | S10: =(R11-R10)/R10 -> -0.038943854 | T10: 64.620003 | U10: =(T11-T10)/T10 -> 0.013927482 | V10: 0.79000002 | W10: =(V11-V10)/V10 -> -0.037974722 | X10: 20.446184 | Y10: =(X11-X10)/X10 -> 0.014431109
A11: 42054 | B11: 1.1339025 | C11: =(B12-B11)/B11 -> -0.01383241 | D11: 1.5459056 | E11: =(D12-D11)/D11 -> -0.005977562 | F11: 0.015940065 | G11: =(F12-F11)/F11 -> 0.014390804 | H11: 0.16012553 | I11: =(H12-H11)/H11 -> -0.0029694828 | J11: 0.27233114 | K11: =(J12-J11)/J11 -> 0 | L11: 1201 | M11: =(L12-L11)/L11 -> -0.00033307611 | N11: 16.424 | O11: =(N12-N11)/N11 -> -0.017778849 | P11: 128.71875 | Q11: =(P12-P11)/P11 -> -0.0089827628 | R11: 291.20001 | S11: =(R12-R11)/R11 -> -0.0017170329 | T11: 65.519997 | U11: =(T12-T11)/T11 -> -0.029151345 | V11: 0.75999999 | W11: =(V12-V11)/V11 -> -0.078947373 | X11: 20.741245 | Y11: =(X12-X11)/X11 -> 0
A12: 42061 | B12: 1.1182179 | C12: =(B13-B12)/B12 -> -0.042342179 | D12: 1.5366648 | E12: =(D13-D12)/D12 -> -0.018520724 | F12: 0.016169455 | G12: =(F13-F12)/F12 -> -0.0032233948 | H12: 0.15965004 | I12: =(H13-H12)/H12 -> 0.0018714684 | J12: 0.27233114 | K12: =(J13-J12)/J12 -> 0 | L12: 1200.6 | M12: =(L13-L12)/L12 -> -0.041562573 | N12: 16.132 | O12: =(N13-N12)/N12 -> -0.048785005 | P12: 127.5625 | Q12: =(P13-P12)/P12 -> 0.00036746693 | R12: 290.70001 | S12: =(R13-R12)/R12 -> -0.030959751 | T12: 63.610001 | U12: =(T13-T12)/T12 -> -0.0515642 | V12: 0.69999999 | W12: =(V13-V12)/V12 -> -0.14285709 | X12: 20.741245 | Y12: =(X13-X12)/X12 -> -0.035983089
A13: 42068 | B13: 1.0708702 | C13: =(B14-B13)/B13 -> -0.010333058 | D13: 1.5082047 | E13: =(D14-D13)/D13 -> -0.021877389 | F13: 0.016117334 | G13: =(F14-F13)/F13 -> 0.010230179 | H13: 0.15994882 | I13: =(H14-H13)/H13 -> 0.0020032658 | J13: 0.27233114 | K13: =(J14-J13)/J13 -> -2.7246241e-05 | L13: 1150.7 | M13: =(L14-L13)/L13 -> 0.00060838904 | N13: 15.345 | O13: =(N14-N13)/N13 -> 0.011730163 | P13: 127.60938 | Q13: =(P14-P13)/P13 -> 0.012121954 | R13: 281.70001 | S13: =(R14-R13)/R13 -> -0.010649627 | T13: 60.330002 | U13: =(T14-T13)/T13 -> 0.035637289 | V13: 0.60000002 | W13: =(V14-V13)/V13 -> 0 | X13: 19.994911 | Y13: =(X14-X13)/X13 -> -0.011284838
A14: 42075 | B14: 1.0598048 | C14: =(B15-B14)/B14 -> 0.028683213 | D14: 1.4752091 | E14: =(D15-D14)/D14 -> 0.0055478199 | F14: 0.016282218 | G14: =(F15-F14)/F14 -> 0.063676743 | H14: 0.16026924 | I14: =(H15-H14)/H14 -> 0.0071344944 | J14: 0.27232372 | K14: =(J15-J14)/J14 -> 2.7246984e-05 | L14: 1151.4 | M14: =(L15-L14)/L14 -> 0.039864533 | N14: 15.525 | O14: =(N15-N14)/N14 -> 0.093719804 | P14: 129.15625 | Q14: =(P15-P14)/P14 -> -0.002661505 | R14: 278.70001 | S14: =(R15-R14)/R14 -> 0.031933956 | T14: 62.48 | U14: =(T15-T14)/T14 -> 0.010883488 | V14: 0.60000002 | W14: =(V15-V14)/V14 -> 0 | X14: 19.769272 | Y14: =(X15-X14)/X14 -> -0.0079015575
A15: 42082 | B15: 1.0902034 | C15: =(B16-B15)/B15 -> -0.015033314 | D15: 1.4833933 | E15: =(D16-D15)/D15 -> -0.00029653786 | F15: 0.017319016 | G15: =(F16-F15)/F15 -> -0.0070849066 | H15: 0.16141268 | I15: =(H16-H15)/H15 -> 0.0012606197 | J15: 0.27233114 | K15: =(J16-J15)/J15 -> -5.4382323e-05 | L15: 1197.3 | M15: =(L16-L15)/L15 -> 0.0090202341 | N15: 16.98 | O15: =(N16-N15)/N15 -> 0.0037692041 | P15: 128.8125 | Q15: =(P16-P15)/P15 -> 0.0043668122 | R15: 287.60001 | S15: =(R16-R15)/R15 -> -0.050764971 | T15: 63.16 | U15: =(T16-T15)/T15 -> -0.0091829958 | V15: 0.60000002 | W15: =(V16-V15)/V15 -> 0.1333333 | X15: 19.613064 | Y15: =(X16-X15)/X15 -> 0.0026547974
... A439: 45050 | B439: 1.0964671 | C439: =(B440-B439)/B439 -> -0.0090293007 | D439: 1.2624668 | E439: =(D440-D439)/D439 -> -0.01111107 | F439: 0.012826269 | G439: =(F440-F439)/F439 -> -0.030949018 | H439: 0.14452119 | I439: =(H440-H439)/H439 -> -0.0081987977 | J439: 0.27239793 | K439: =(J440-J439)/J439 -> 0 | L439: 2030.5 | M439: =(L440-L439)/L439 -> -0.024526003 | N439: 25.461 | O439: =(N440-N439)/N439 -> -0.06712225 | P439: 115.90625 | Q439: =(P440-P439)/P439 -> -0.011458614 | R439: 348.89999 | S439: =(R440-R439)/R439 -> -0.014044121 | T439: 80.760002 | U439: =(T440-T439)/T439 -> 0.076523033 | V439: 1.11 | W439: =(V440-V439)/V439 -> 0.036036001 | X439: 60.192547 | Y439: =(X440-X439)/X439 -> 0.02402207
A440: 45057 | B440: 1.0865668 | C440: =(B441-B440)/B440 -> -0.0088311483 | D440: 1.2484394 | E440: =(D441-D440)/D440 -> -0.0053766619 | F440: 0.012429308 | G440: =(F441-F440)/F440 -> 0.0041185781 | H440: 0.14333629 | I440: =(H441-H440)/H440 -> -0.01130879 | J440: 0.27239793 | K440: =(J441-J440)/J440 -> -5.4479122e-05 | L440: 1980.7 | M440: =(L441-L440)/L440 -> -0.00903716 | N440: 23.752001 | O440: =(N441-N440)/N440 -> -0.026818837 | P440: 114.57812 | Q440: =(P441-P440)/P440 -> -0.010091368 | R440: 344 | T440: 86.940002 | U440: =(T441-T440)/T440 -> -0.06004142 | V440: 1.15 | W440: =(V441-V440)/V440 -> -0.069565152 | X440: 61.638496 | Y440: =(X441-X440)/X440 -> -0.014265422
A441: 45064 | B441: 1.0769712 | C441: =(B442-B441)/B441 -> -0.0034023707 | D441: 1.241727 | E441: =(D442-D441)/D441 -> -0.00043441275 | F441: 0.012480499 | G441: =(F442-F441)/F441 -> 0.0064690004 | H441: 0.14171533 | I441: =(H442-H441)/H441 -> -0.003192668 | J441: 0.27238309 | K441: =(J442-J441)/J441 -> -0.00016348298 | L441: 1962.8 | M441: =(L442-L441)/L441 -> 0.00056041143 | N441: 23.115 | O441: =(N442-N441)/N441 -> 0.015531091 | P441: 113.42188 | Q441: =(P442-P441)/P441 -> 0.0017908803 | T441: 81.720001 | U441: =(T442-T441)/T441 -> 0.021536981 | V441: 1.0700001 | W441: =(V442-V441)/V441 -> -0.0093458964 | X441: 60.759197 | Y441: =(X442-X441)/X441 -> -0.021707521
A442: 45071 | B442: 1.0733069 | C442: =(B443-B442)/B442 -> -0.0032629348 | D442: 1.2411876 | E442: =(D443-D442)/D442 -> 0.0013423185 | F442: 0.012561236 | G442: =(F443-F442)/F442 -> -0.020967822 | H442: 0.14126288 | I442: =(H443-H442)/H442 -> -0.0055907822 | J442: 0.27233856 | K442: =(J443-J442)/J442 -> 0 | L442: 1963.9 | M442: =(L443-L442)/L442 -> -0.010794884 | N442: 23.474001 | O442: =(N443-N442)/N442 -> -0.001491086 | P442: 113.625 | Q442: =(P443-P442)/P442 -> -0.0096259626 | T442: 83.480003 | U442: =(T443-T442)/T442 -> 0.018327728 | V442: 1.0599999 | W442: =(V443-V442)/V442 -> -0.042452792 | X442: 59.440266 | Y442: =(X443-X442)/X442 -> 0.037639676
A443: 45078 | B443: 1.0698048 | C443: =(B444-B443)/B443 -> 0.0085343797 | D443: 1.2428536 | E443: =(D444-D443)/D443 -> 0.014346604 | F443: 0.012297854 | G443: =(F444-F443)/F443 -> -0.030983694 | H443: 0.14047311 | I443: =(H444-H443)/H443 -> -0.006656007 | J443: 0.27233856 | K443: =(J444-J443)/J443 -> 0 | L443: 1942.7 | M443: =(L444-L443)/L443 -> 0.0064858691 | N443: 23.438999 | O443: =(N444-N443)/N443 -> 0.025811744 | P443: 112.53125 | Q443: =(P444-P443)/P443 -> -0.0029158567 | T443: 85.010002 | U443: =(T444-T443)/T443 -> -0.03787791 | V443: 1.015 | W443: =(V444-V443)/V443 -> -0.029556622 | X443: 61.677578 | Y443: =(X444-X443)/X443 -> 0.028987766
A444: 45085 | B444: 1.0789349 | C444: =(B445-B444)/B444 -> 0.012143397 | D444: 1.2606844 | E444: =(D445-D444)/D444 -> 0.012573819 | F444: 0.011916821 | G444: =(F445-F444)/F444 -> -0.0094316877 | H444: 0.13953812 | I444: =(H445-H444)/H444 -> -0.0019914271 | J444: 0.27233856 | K444: =(J445-J444)/J444 -> 0 | L444: 1955.3 | M444: =(L445-L444)/L444 -> -0.01125147 | N444: 24.044001 | O444: =(N445-N444)/N444 -> -0.052819848 | P444: 112.20312 | Q444: =(P445-P444)/P444 -> 0.0023673583 | T444: 81.790001 | U444: =(T445-T444)/T444 -> -0.030321596 | V444: 0.98500001 | W444: =(V445-V444)/V444 -> 0.0020304307 | X444: 63.465473 | Y444: =(X445-X444)/X444 -> -0.0058497599
A445: 45092 | B445: 1.0920368 | C445: =(B446-B445)/B445 -> 0.0033748627 | D445: 1.276536 | E445: =(D446-D445)/D445 -> -0.0016185485 | F445: 0.011804425 | G445: =(F446-F445)/F445 -> -0.0073353607 | H445: 0.13926024 | I445: =(H446-H445)/H445 -> -0.0052502423 | J445: 0.27233856 | K445: =(J446-J445)/J445 -> -5.4490998e-05 | L445: 1933.3 | M445: =(L446-L445)/L445 -> -0.010862256 | N445: 22.774 | O445: =(N446-N445)/N445 -> 0.0041275078 | P445: 112.46875 | Q445: =(P446-P445)/P445 -> 0.006946374 | T445: 79.309998 | U445: =(T446-T445)/T445 -> 0.010213154 | V445: 0.98699999 | W445: =(V446-V445)/V445 -> -0.1306991 | X445: 63.094215 | Y445: =(X446-X445)/X445 -> -0.015949194
A446: 45099 | B446: 1.0957223 | C446: =(B447-B446)/B446 -> -0.0065962508 | D446: 1.2744699 | E446: =(D447-D446)/D446 -> -0.0021239305 | F446: 0.011717835 | G446: =(F447-F446)/F446 -> -0.051408886 | H446: 0.13852909 | I446: =(H447-H446)/H446 -> 0.00072085942 | J446: 0.27232372 | K446: =(J447-J446)/J446 -> 0 | L446: 1912.3 | M446: =(L447-L446)/L446 -> 0.0038173543 | N446: 22.868 | O446: =(N447-N446)/N446 -> 0.014386937 | P446: 113.25 | Q446: =(P447-P446)/P446 -> -0.01669426 | T446: 80.120003 | U446: =(T447-T446)/T446 -> 0.029081305 | V446: 0.85799998 | W446: =(V447-V446)/V446 -> 0.13519813 | X446: 62.087914 | Y446: =(X447-X446)/X446 -> 0.049881992
A447: 45106 | B447: 1.0884947 | C447: =(B448-B447)/B447 -> 0.011862067 | D447: 1.271763 | E447: =(D448-D447)/D447 -> 0.017074008 | F447: 0.011115435 | G447: =(F448-F447)/F447 -> -0.0055270556 | H447: 0.13862895 | I447: =(H448-H447)/H447 -> 0.00059648436 | J447: 0.27232372 | K447: =(J448-J447)/J447 -> 5.4493968e-05 | L447: 1919.6 | M447: =(L448-L447)/L447 -> 0.01906646 | N447: 23.197001 | O447: =(N448-N447)/N447 -> 0.039746474 | P447: 111.35938 | Q447: =(P448-P447)/P447 -> 0.0081380665 | T447: 82.449997 | U447: =(T448-T447)/T447 -> 0.00072777672 | V447: 0.97399998 | W447: =(V448-V447)/V447 -> 0.057494862 | X447: 65.184982 | Y447: =(X448-X447)/X447 -> 0.023433489
A448: 45113 | B448: 1.1014065 | C448: =(B449-B448)/B448 -> 0.019504686 | D448: 1.2934771 | E448: =(D449-D448)/D448 -> 0.0077557916 | F448: 0.011053999 | G448: =(F449-F448)/F448 -> -0.0054966067 | H448: 0.13871164 | I448: =(H449-H448)/H448 -> 0.004164755 | J448: 0.27233856 | K448: =(J449-J448)/J448 -> -2.7245499e-05 | L448: 1956.2 | M448: =(L449-L448)/L448 -> 0.010888482 | N448: 24.118999 | O448: =(N449-N448)/N448 -> 0.045607214 | P448: 112.26562 | Q448: =(P449-P448)/P448 -> 0.0065414057 | T448: 82.510002 | U448: =(T449-T448)/T448 -> 0.037692407 | V448: 1.03 | W448: =(V449-V448)/V448 -> 0.04854376 | X448: 66.712494 | Y448: =(X449-X448)/X448 -> -0.010872653
A449: 45120 | B449: 1.122889 | C449: =(B450-B449)/B449 -> -0.015890587 | D449: 1.303509 | E449: =(D450-D449)/D449 -> -0.010830915 | F449: 0.010993239 | G449: =(F450-F449)/F449 -> 0.0088725753 | H449: 0.13928934 | I449: =(H450-H449)/H449 -> 0.006152445 | J449: 0.27233114 | K449: =(J450-J449)/J449 -> 2.7246241e-05 | L449: 1977.5 | M449: =(L450-L449)/L449 -> -0.0043489131 | N449: 25.219 | O449: =(N450-N449)/N449 -> -0.015623106 | P449: 113 | Q449: =(P450-P449)/P449 -> -0.0076050885 | T449: 85.620003 | U449: =(T450-T449)/T449 -> 0.050922687 | V449: 1.08 | W449: =(V450-V449)/V449 -> 0.04629625 | X449: 65.987152 | Y449: =(X450-X449)/X449 -> -0.016785392
A450: 45127 | B450: 1.1050457 | C450: =(B451-B450)/B450 -> -0.003852836 | D450: 1.2893908 | E450: =(D451-D450)/D450 -> -0.0076133989 | F450: 0.011090778 | G450: =(F451-F450)/F450 -> -0.023924243 | H450: 0.14014631 | I450: =(H451-H450)/H450 -> -0.0057270149 | J450: 0.27233856 | K450: =(J451-J450)/J450 -> -2.7245499e-05 | L450: 1968.9 | M450: =(L451-L450)/L450 -> -0.015998781 | N450: 24.825001 | O450: =(N451-N450)/N450 -> -0.043142035 | P450: 112.14062 | Q450: =(P451-P450)/P450 -> -0.011982723 | T450: 89.980003 | U450: =(T451-T450)/T450 -> -0.054456561 | V450: 1.13 | W450: =(V451-V450)/V450 -> -0.11504424 | X450: 64.879532 | Y450: =(X451-X450)/X450 -> -0.039432013
A451: 45134 | B451: 1.1007881 | C451: =(B452-B451)/B451 -> -0.0044492792 | D451: 1.2795742 | E451: =(D452-D451)/D451 -> -0.0042301706 | F451: 0.010825439 | G451: =(F452-F451)/F451 -> -0.049346479 | H451: 0.13934369 | I451: =(H452-H451)/H451 -> -0.0054326823 | J451: 0.27233114 | K451: =(J452-J451)/J451 -> 0 | L451: 1937.4 | M451: =(L452-L451)/L451 -> -0.011355425 | N451: 23.754 | O451: =(N452-N451)/N451 -> -0.046476387 | P451: 110.79688 | Q451: =(P452-P451)/P451 -> 0.0053589057 | T451: 85.080002 | U451: =(T452-T451)/T451 -> 0.012106238 | V451: 1 | W451: =(V452-V451)/V451 -> -0.06099999 | X451: 62.321201 | Y451: =(X452-X451)/X451 -> -0.024221453
A452: 45141 | B452: 1.0958904 | C452: =(B453-B452)/B452 -> -0.0049941287 | D452: 1.2741613 | E452: =(D453-D452)/D452 -> -0.0031626692 | F452: 0.010291242 | G452: =(F453-F452)/F452 -> -0.013151873 | H452: 0.13858668 | I452: =(H453-H452)/H452 -> -0.0090365106 | J452: 0.27233114 | K452: =(J453-J452)/J452 -> 0 | L452: 1915.4 | M452: =(L453-L452)/L452 -> -0.01007625 | N452: 22.65 | O452: =(N453-N452)/N452 -> -0.0075055223 | P452: 111.39062 | Q452: =(P453-P452)/P452 -> -0.016411839 | T452: 86.110001 | U452: =(T453-T452)/T452 -> -0.0091743225 | V452: 0.93900001 | W452: =(V453-V452)/V452 -> -0.073482433 | X452: 60.811691 | Y452: =(X453-X452)/X452 -> -0.070760823
... A524: 45645 | B524: 1.0402579 | C524: =(B525-B524)/B524 -> 0.0003434439 | D524: 1.2536042 | E524: =(D525-D524)/D524 -> 0.0010415563 | F524: 0.010005098 | G524: =(F525-F524)/F524 -> -0.095432682 | H524: 0.1370877 | I524: =(H525-H524)/H524 -> -0.00047961998 | J524: 0.2722733 | K524: =(J525-J524)/J524 -> 0.00021243361 | L524: 2620 | M524: =(L525-L524)/L524 -> 0.0035114317 | N524: 29.974001 | O524: =(N525-N524)/N524 -> -0.034496576 | P524: 108.5625 | Q524: =(P525-P524)/P524 -> 0.0017271157 | T524: 68.779999 | U524: =(T525-T524)/T524 -> -0.005524822 | V524: 0.458 | W524: =(V525-V524)/V524 -> 0.03275106 | X524: 42.456978 | Y524: =(X525-X524)/X524 -> -0.045858782
A525: 45652 | B525: 1.0406152 | D525: 1.2549099 | F525: 0.0090502845 | H525: 0.13702195 | J525: 0.27233114 | L525: 2629.2 | N525: 28.940001 | P525: 108.75 | T525: 68.400002 | V525: 0.47299999 | X525: 40.509953
C529: =(B524-B5)/B5 -> -0.11680021 | E529: =(D524-D5)/D5 -> -0.1736492 | G529: =(F524-F5)/F5 -> -0.34781772 | I529: =(H524-H5)/H5 -> -0.15175604 | K529: =(J524-J5)/J5 -> -0.00018514729 | M529: =(L524-L5)/L5 -> 1.1224886 | O529: =(N524-N5)/N5 -> 0.76775195 | Q529: =(P524-P5)/P5 -> -0.16339554 | S529: =(R439-R5)/R5 -> 0.10446344 | U529: =(T524-T5)/T5 -> 0.16615801 | W529: =(V524-V5)/V5 -> -0.29538458 | Y529: =(X524-X5)/X5 -> 1.2137058

Sheet Returns_Only
A1: Price
A2: Ticker | B2: Return EURUSD | C2: Return GBPUSD | D2: Return RUBUSD | E2: Return CNYUSD | F2: Return AEDUSD | G2: Return Gold | H2: Return SILVER | I2: Return WHEAT | J2: Return WOOD | K2: Return Cotton | L2: Return Graphite | M2: Return Lithium
A3: Date | K3: Return Cotton | L3: Return Graphite | M3: Return Lithium
A4: 42005 | B4: -0.008174149 | C4: 0.0021390446 | D4: -0.031065427 | E4: 0.0023271144 | F4: 0 | G4: 0.019659714 | H4: 0.027013879 | I4: 0.010094867 | J4: -0.034830413 | K4: -0.023994717 | L4: -0.15584417 | M4: 0.0036328989
A5: 42012 | B5: -0.019641324 | C5: -0.0015147154 | D5: 0.0033091466 | E5: -0.0027880091 | F5: 0 | G5: 0.048039473 | H5: 0.07212795 | I5: -0.0025285972 | J5: -0.022791965 | K5: -0.016446274 | L5: 0.076923098 | M5: 0.0099547566
A6: 42019 | B6: -0.015550657 | C6: 0.0026882205 | D6: -0.043926107 | E6: -0.0048434829 | F6: 0 | G6: -0.0060291621 | H6: -0.0061059495 | I6: 0.0079671656 | J6: 0.022027818 | K6: 0.024650928 | L6: -0.099999991 | M6: -0.00089606679
A7: 42026 | B7: 0.0079171312 | C7: -0.0030283254 | D7: 0.044096249 | E7: -0.0016971941 | F7: 0 | G7: -0.017186387 | H7: -0.038133775 | I7: -0.0035928144 | J7: -0.018700456 | K7: 0.030114417 | L7: 0.031746002 | M7: -0.00089677189
A8: 42033 | B8: -0.011820131 | C8: 0.0079210387 | D8: -0.0035214964 | E8: 0.0022304643 | F8: 0 | G8: -0.035448684 | H8: -0.036480746 | I8: -0.012620192 | J8: 0.013565832 | K8: 0.012902187 | L8: 0.076923098 | M8: 0.023339167
A9: 42040 | B9: 0.0073104186 | C9: 0.0059877826 | D9: 0.024951099 | E9: -0.001969872 | F9: 0 | G9: -0.01583269 | H9: -0.029561112 | I9: -0.002678028 | J9: -0.034416788 | K9: 0.041921997 | L9: 0.12857148 | M9: 0.03333359
A10: 42047 | B10: -0.0057602343 | C10: 0.0068792046 | D10: 0.015780536 | E10: -0.00016016117 | F10: 2.7246984e-05 | G10: 0.001083645 | H10: 0.010707679 | I10: 0.0054924936 | J10: -0.038943854 | K10: 0.013927482 | L10: -0.037974722 | M10: 0.014431109
A11: 42054 | B11: -0.01383241 | C11: -0.005977562 | D11: 0.014390804 | E11: -0.0029694828 | F11: 0 | G11: -0.00033307611 | H11: -0.017778849 | I11: -0.0089827628 | J11: -0.0017170329 | K11: -0.029151345 | L11: -0.078947373 | M11: 0
A12: 42061 | B12: -0.042342179 | C12: -0.018520724 | D12: -0.0032233948 | E12: 0.0018714684 | F12: 0 | G12: -0.041562573 | H12: -0.048785005 | I12: 0.00036746693 | J12: -0.030959751 | K12: -0.0515642 | L12: -0.14285709 | M12: -0.035983089
A13: 42068 | B13: -0.010333058 | C13: -0.021877389 | D13: 0.010230179 | E13: 0.0020032658 | F13: -2.7246241e-05 | G13: 0.00060838904 | H13: 0.011730163 | I13: 0.012121954 | J13: -0.010649627 | K13: 0.035637289 | L13: 0 | M13: -0.011284838
A14: 42075 | B14: 0.028683213 | C14: 0.0055478199 | D14: 0.063676743 | E14: 0.0071344944 | F14: 2.7246984e-05 | G14: 0.039864533 | H14: 0.093719804 | I14: -0.002661505 | J14: 0.031933956 | K14: 0.010883488 | L14: 0 | M14: -0.0079015575
A15: 42082 | B15: -0.015033314 | C15: -0.00029653786 | D15: -0.0070849066 | E15: 0.0012606197 | F15: -5.4382323e-05 | G15: 0.0090202341 | H15: 0.0037692041 | I15: 0.0043668122 | J15: -0.050764971 | K15: -0.0091829958 | L15: 0.1333333 | M15: 0.0026547974
... A439: 45050 | B439: -0.0090293007 | C439: -0.01111107 | D439: -0.030949018 | E439: -0.0081987977 | F439: 0 | G439: -0.024526003 | H439: -0.06712225 | I439: -0.011458614 | J439: -0.014044121 | K439: 0.076523033 | L439: 0.036036001 | M439: 0.02402207
A440: 45057 | B440: -0.0088311483 | C440: -0.0053766619 | D440: 0.0041185781 | E440: -0.01130879 | F440: -5.4479122e-05 | G440: -0.00903716 | H440: -0.026818837 | I440: -0.010091368 | K440: -0.06004142 | L440: -0.069565152 | M440: -0.014265422
A441: 45064 | B441: -0.0034023707 | C441: -0.00043441275 | D441: 0.0064690004 | E441: -0.003192668 | F441: -0.00016348298 | G441: 0.00056041143 | H441: 0.015531091 | I441: 0.0017908803 | K441: 0.021536981 | L441: -0.0093458964 | M441: -0.021707521
A442: 45071 | B442: -0.0032629348 | C442: 0.0013423185 | D442: -0.020967822 | E442: -0.0055907822 | F442: 0 | G442: -0.010794884 | H442: -0.001491086 | I442: -0.0096259626 | K442: 0.018327728 | L442: -0.042452792 | M442: 0.037639676
A443: 45078 | B443: 0.0085343797 | C443: 0.014346604 | D443: -0.030983694 | E443: -0.006656007 | F443: 0 | G443: 0.0064858691 | H443: 0.025811744 | I443: -0.0029158567 | K443: -0.03787791 | L443: -0.029556622 | M443: 0.028987766
A444: 45085 | B444: 0.012143397 | C444: 0.012573819 | D444: -0.0094316877 | E444: -0.0019914271 | F444: 0 | G444: -0.01125147 | H444: -0.052819848 | I444: 0.0023673583 | K444: -0.030321596 | L444: 0.0020304307 | M444: -0.0058497599
A445: 45092 | B445: 0.0033748627 | C445: -0.0016185485 | D445: -0.0073353607 | E445: -0.0052502423 | F445: -5.4490998e-05 | G445: -0.010862256 | H445: 0.0041275078 | I445: 0.006946374 | K445: 0.010213154 | L445: -0.1306991 | M445: -0.015949194
A446: 45099 | B446: -0.0065962508 | C446: -0.0021239305 | D446: -0.051408886 | E446: 0.00072085942 | F446: 0 | G446: 0.0038173543 | H446: 0.014386937 | I446: -0.01669426 | K446: 0.029081305 | L446: 0.13519813 | M446: 0.049881992
A447: 45106 | B447: 0.011862067 | C447: 0.017074008 | D447: -0.0055270556 | E447: 0.00059648436 | F447: 5.4493968e-05 | G447: 0.01906646 | H447: 0.039746474 | I447: 0.0081380665 | K447: 0.00072777672 | L447: 0.057494862 | M447: 0.023433489
A448: 45113 | B448: 0.019504686 | C448: 0.0077557916 | D448: -0.0054966067 | E448: 0.004164755 | F448: -2.7245499e-05 | G448: 0.010888482 | H448: 0.045607214 | I448: 0.0065414057 | K448: 0.037692407 | L448: 0.04854376 | M448: -0.010872653
A449: 45120 | B449: -0.015890587 | C449: -0.010830915 | D449: 0.0088725753 | E449: 0.006152445 | F449: 2.7246241e-05 | G449: -0.0043489131 | H449: -0.015623106 | I449: -0.0076050885 | K449: 0.050922687 | L449: 0.04629625 | M449: -0.016785392
A450: 45127 | B450: -0.003852836 | C450: -0.0076133989 | D450: -0.023924243 | E450: -0.0057270149 | F450: -2.7245499e-05 | G450: -0.015998781 | H450: -0.043142035 | I450: -0.011982723 | K450: -0.054456561 | L450: -0.11504424 | M450: -0.039432013
A451: 45134 | B451: -0.0044492792 | C451: -0.0042301706 | D451: -0.049346479 | E451: -0.0054326823 | F451: 0 | G451: -0.011355425 | H451: -0.046476387 | I451: 0.0053589057 | K451: 0.012106238 | L451: -0.06099999 | M451: -0.024221453
... A524: 45645 | B524: 0.0003434439 | C524: 0.0010415563 | D524: -0.095432682 | E524: -0.00047961998 | F524: 0.00021243361 | G524: 0.0035114317 | H524: -0.034496576 | I524: 0.0017271157 | K524: -0.005524822 | L524: 0.03275106 | M524: -0.045858782
A525: 45652
B529: -0.11680021 | C529: -0.1736492 | D529: -0.34781772 | E529: -0.15175604 | F529: -0.00018514729 | G529: 1.1224886 | H529: 0.76775195 | I529: -0.16339554 | J529: 0.10446344 | K529: 0.16615801 | L529: -0.29538458 | M529: 1.2137058

Sheet StandadDeviation_Return
A1: Price
A2: Ticker | B2: Return EURUSD | C2: SD Return EURUSD | D2: Return GBPUSD | E2: SD Return GBPUSD | F2: Return RUBUSD | G2: SD Return RUBUSD | H2: Return CNYUSD | I2: SD Return CNYUSD | J2: Return AEDUSD | K2: SD Return AEDUSD | L2: Return Gold | M2: SD Return Gold | N2: Return SILVER | O2: SD Return SILVER | P2: Return WHEAT | Q2: SD Return WHEAT | R2: Return WOOD | S2: SD Return WOOD | T2: Return Cotton | U2: SD Return Cotton | V2: Return Graphite | W2: SD Return Graphite | X2: Return Lithium | Y2: SD Return Lithium
A3: Date | C3: =_xlfn.STDEV.S(B4:B524) -> 0.010690709 | E3: =_xlfn.STDEV.S(D2:D524) -> 0.013304554 | G3: =_xlfn.STDEV.S(F2:F524) -> 4.3730309 | I3: =_xlfn.STDEV.S(H4:H524) -> 0.0058787785 | K3: =_xlfn.STDEV.S(J4:J524) -> 8.1645668e-05 | M3: =_xlfn.STDEV.S(L4:L524) -> 0.020023443 | O3: =_xlfn.STDEV.S(N4:N524) -> 0.040498737 | Q3: =_xlfn.STDEV.S(P4:P524) -> 0.0072402862 | S3: =_xlfn.STDEV.S(R4:R524) -> 0.076041699 | U3: =_xlfn.STDEV.S(T4:T524) -> 0.037955909 | W3: =_xlfn.STDEV.S(V4:V524) -> 0.1357987 | Y3: =_xlfn.STDEV.S(X4:X524) -> 0.04002841
A4: 42005 | B4: -0.008174149 | D4: 0.0021390446 | F4: -0.031065427 | H4: 0.0023271144 | J4: 0 | L4: 0.019659714 | N4: 0.027013879 | P4: 0.010094867 | R4: -0.034830413 | T4: -0.023994717 | V4: -0.15584417 | X4: 0.0036328989
A5: 42012 | B5: -0.019641324 | D5: -0.0015147154 | F5: 0.0033091466 | H5: -0.0027880091 | J5: 0 | L5: 0.048039473 | N5: 0.07212795 | P5: -0.0025285972 | R5: -0.022791965 | T5: -0.016446274 | V5: 0.076923098 | X5: 0.0099547566
A6: 42019 | B6: -0.015550657 | D6: 0.0026882205 | F6: -0.043926107 | H6: -0.0048434829 | J6: 0 | L6: -0.0060291621 | N6: -0.0061059495 | P6: 0.0079671656 | R6: 0.022027818 | T6: 0.024650928 | V6: -0.099999991 | X6: -0.00089606679
A7: 42026 | B7: 0.0079171312 | D7: -0.0030283254 | F7: 0.044096249 | H7: -0.0016971941 | J7: 0 | L7: -0.017186387 | N7: -0.038133775 | P7: -0.0035928144 | R7: -0.018700456 | T7: 0.030114417 | V7: 0.031746002 | X7: -0.00089677189
A8: 42033 | B8: -0.011820131 | D8: 0.0079210387 | F8: -0.0035214964 | H8: 0.0022304643 | J8: 0 | L8: -0.035448684 | N8: -0.036480746 | P8: -0.012620192 | R8: 0.013565832 | T8: 0.012902187 | V8: 0.076923098 | X8: 0.023339167
A9: 42040 | B9: 0.0073104186 | D9: 0.0059877826 | F9: 0.024951099 | H9: -0.001969872 | J9: 0 | L9: -0.01583269 | N9: -0.029561112 | P9: -0.002678028 | R9: -0.034416788 | T9: 0.041921997 | V9: 0.12857148 | X9: 0.03333359
A10: 42047 | B10: -0.0057602343 | D10: 0.0068792046 | F10: 0.015780536 | H10: -0.00016016117 | J10: 2.7246984e-05 | L10: 0.001083645 | N10: 0.010707679 | P10: 0.0054924936 | R10: -0.038943854 | T10: 0.013927482 | V10: -0.037974722 | X10: 0.014431109
A11: 42054 | B11: -0.01383241 | D11: -0.005977562 | F11: 0.014390804 | H11: -0.0029694828 | J11: 0 | L11: -0.00033307611 | N11: -0.017778849 | P11: -0.0089827628 | R11: -0.0017170329 | T11: -0.029151345 | V11: -0.078947373 | X11: 0
A12: 42061 | B12: -0.042342179 | D12: -0.018520724 | F12: -0.0032233948 | H12: 0.0018714684 | J12: 0 | L12: -0.041562573 | N12: -0.048785005 | P12: 0.00036746693 | R12: -0.030959751 | T12: -0.0515642 | V12: -0.14285709 | X12: -0.035983089
A13: 42068 | B13: -0.010333058 | D13: -0.021877389 | F13: 0.010230179 | H13: 0.0020032658 | J13: -2.7246241e-05 | L13: 0.00060838904 | N13: 0.011730163 | P13: 0.012121954 | R13: -0.010649627 | T13: 0.035637289 | V13: 0 | X13: -0.011284838
A14: 42075 | B14: 0.028683213 | D14: 0.0055478199 | F14: 0.063676743 | H14: 0.0071344944 | J14: 2.7246984e-05 | L14: 0.039864533 | N14: 0.093719804 | P14: -0.002661505 | R14: 0.031933956 | T14: 0.010883488 | V14: 0 | X14: -0.0079015575
A15: 42082 | B15: -0.015033314 | D15: -0.00029653786 | F15: -0.0070849066 | H15: 0.0012606197 | J15: -5.4382323e-05 | L15: 0.0090202341 | N15: 0.0037692041 | P15: 0.0043668122 | R15: -0.050764971 | T15: -0.0091829958 | V15: 0.1333333 | X15: 0.0026547974
... A439: 45050 | B439: -0.0090293007 | D439: -0.01111107 | F439: -0.030949018 | H439: -0.0081987977 | J439: 0 | L439: -0.024526003 | N439: -0.06712225 | P439: -0.011458614 | R439: -0.014044121 | T439: 0.076523033 | V439: 0.036036001 | X439: 0.02402207
A440: 45057 | B440: -0.0088311483 | D440: -0.0053766619 | F440: 0.0041185781 | H440: -0.01130879 | J440: -5.4479122e-05 | L440: -0.00903716 | N440: -0.026818837 | P440: -0.010091368 | T440: -0.06004142 | V440: -0.069565152 | X440: -0.014265422
A441: 45064 | B441: -0.0034023707 | D441: -0.00043441275 | F441: 0.0064690004 | H441: -0.003192668 | J441: -0.00016348298 | L441: 0.00056041143 | N441: 0.015531091 | P441: 0.0017908803 | T441: 0.021536981 | V441: -0.0093458964 | X441: -0.021707521
A442: 45071 | B442: -0.0032629348 | D442: 0.0013423185 | F442: -0.020967822 | H442: -0.0055907822 | J442: 0 | L442: -0.010794884 | N442: -0.001491086 | P442: -0.0096259626 | T442: 0.018327728 | V442: -0.042452792 | X442: 0.037639676
A443: 45078 | B443: 0.0085343797 | D443: 0.014346604 | F443: -0.030983694 | H443: -0.006656007 | J443: 0 | L443: 0.0064858691 | N443: 0.025811744 | P443: -0.0029158567 | T443: -0.03787791 | V443: -0.029556622 | X443: 0.028987766
A444: 45085 | B444: 0.012143397 | D444: 0.012573819 | F444: -0.0094316877 | H444: -0.0019914271 | J444: 0 | L444: -0.01125147 | N444: -0.052819848 | P444: 0.0023673583 | T444: -0.030321596 | V444: 0.0020304307 | X444: -0.0058497599
A445: 45092 | B445: 0.0033748627 | D445: -0.0016185485 | F445: -0.0073353607 | H445: -0.0052502423 | J445: -5.4490998e-05 | L445: -0.010862256 | N445: 0.0041275078 | P445: 0.006946374 | T445: 0.010213154 | V445: -0.1306991 | X445: -0.015949194
A446: 45099 | B446: -0.0065962508 | D446: -0.0021239305 | F446: -0.051408886 | H446: 0.00072085942 | J446: 0 | L446: 0.0038173543 | N446: 0.014386937 | P446: -0.01669426 | T446: 0.029081305 | V446: 0.13519813 | X446: 0.049881992
A447: 45106 | B447: 0.011862067 | D447: 0.017074008 | F447: -0.0055270556 | H447: 0.00059648436 | J447: 5.4493968e-05 | L447: 0.01906646 | N447: 0.039746474 | P447: 0.0081380665 | T447: 0.00072777672 | V447: 0.057494862 | X447: 0.023433489
A448: 45113 | B448: 0.019504686 | D448: 0.0077557916 | F448: -0.0054966067 | H448: 0.004164755 | J448: -2.7245499e-05 | L448: 0.010888482 | N448: 0.045607214 | P448: 0.0065414057 | T448: 0.037692407 | V448: 0.04854376 | X448: -0.010872653
A449: 45120 | B449: -0.015890587 | D449: -0.010830915 | F449: 0.0088725753 | H449: 0.006152445 | J449: 2.7246241e-05 | L449: -0.0043489131 | N449: -0.015623106 | P449: -0.0076050885 | T449: 0.050922687 | V449: 0.04629625 | X449: -0.016785392
A450: 45127 | B450: -0.003852836 | D450: -0.0076133989 | F450: -0.023924243 | H450: -0.0057270149 | J450: -2.7245499e-05 | L450: -0.015998781 | N450: -0.043142035 | P450: -0.011982723 | T450: -0.054456561 | V450: -0.11504424 | X450: -0.039432013
A451: 45134 | B451: -0.0044492792 | D451: -0.0042301706 | F451: -0.049346479 | H451: -0.0054326823 | J451: 0 | L451: -0.011355425 | N451: -0.046476387 | P451: 0.0053589057 | T451: 0.012106238 | V451: -0.06099999 | X451: -0.024221453
... A524: 45645 | B524: 0.0003434439 | D524: 0.0010415563 | F524: -0.095432682 | H524: -0.00047961998 | J524: 0.00021243361 | L524: 0.0035114317 | N524: -0.034496576 | P524: 0.0017271157 | T524: -0.005524822 | V524: 0.03275106 | X524: -0.045858782
A525: 45652
B529: -0.11680021 | D529: -0.1736492 | F529: -0.34781772 | H529: -0.15175604 | J529: -0.00018514729 | L529: 1.1224886 | N529: 0.76775195 | P529: -0.16339554 | R529: 0.10446344 | T529: 0.16615801 | V529: -0.29538458 | X529: 1.2137058

Sheet Correlation_Matrics_Returns
B1: Return EURUSD | C1: Return GBPUSD | D1: Return RUBUSD | E1: Return CNYUSD | F1: Return AEDUSD | G1: Return Gold | H1: Return SILVER | I1: Return WHEAT | J1: Return WOOD | K1: Return Cotton | L1: Return Graphite | M1: Return Lithium
A2: Return EURUSD | B2: =CORREL(Returns_Currency_Commodity!C4:C524,Returns_Currency_Commodity!C4:C524) -> 1 | C2: =CORREL(Returns_Currency_Commodity!C4:C524,Returns_Currency_Commodity!E4:E524) -> 0.58773626 | D2: =CORREL(Returns_Currency_Commodity!C4:C524,Returns_Currency_Commodity!G4:G524) -> -0.064486911 | E2: =CORREL(Returns_Currency_Commodity!C4:C524,Returns_Currency_Commodity!I4:I524) -> 0.39458857 | F2: =CORREL(Returns_Currency_Commodity!C4:C524,Returns_Currency_Commodity!K4:K524) -> -0.020319461 | G2: =CORREL(Returns_Currency_Commodity!C4:C524,Returns_Currency_Commodity!M4:M524) -> 0.31706441 | H2: =CORREL(Returns_Currency_Commodity!C4:C524,Returns_Currency_Commodity!O4:O524) -> 0.2743932 | I2: =CORREL(Returns_Currency_Commodity!C4:C524,Returns_Currency_Commodity!Q4:Q524) -> 0.17054895 | J2: =CORREL(Returns_Currency_Commodity!C4:C439,Returns_Currency_Commodity!S4:S439) -> 0.041924705 | K2: =CORREL(Returns_Currency_Commodity!C4:C524,Returns_Currency_Commodity!U4:U524) -> 0.094934304 | L2: =CORREL(Returns_Currency_Commodity!C4:C524,Returns_Currency_Commodity!W4:W524) -> 0.041189307 | M2: =CORREL(Returns_Currency_Commodity!C4:C524,Returns_Currency_Commodity!Y4:Y524) -> 0.10325787
A3: Return GBPUSD | B3: =CORREL(Returns_Currency_Commodity!E4:E524,Returns_Currency_Commodity!C4:C524) -> 0.58773626 | C3: =CORREL(Returns_Currency_Commodity!E4:E524,Returns_Currency_Commodity!E4:E524) -> 1 | D3: =CORREL(Returns_Currency_Commodity!E4:E524,Returns_Currency_Commodity!G4:G524) -> -0.030630429 | E3: =CORREL(Returns_Currency_Commodity!E4:E524,Returns_Currency_Commodity!I4:I524) -> 0.36728372 | F3: =CORREL(Returns_Currency_Commodity!E4:E524,Returns_Currency_Commodity!K4:K524) -> 0.035064302 | G3: =CORREL(Returns_Currency_Commodity!E4:E524,Returns_Currency_Commodity!M4:M524) -> 0.19577588 | H3: =CORREL(Returns_Currency_Commodity!E4:E524,Returns_Currency_Commodity!O4:O524) -> 0.2529913 | I3: =CORREL(Returns_Currency_Commodity!E4:E524,Returns_Currency_Commodity!Q4:Q524) -> 0.084176408 | J3: =CORREL(Returns_Currency_Commodity!E4:E524,Returns_Currency_Commodity!S4:S524) -> 0.024652375 | K3: =CORREL(Returns_Currency_Commodity!E4:E524,Returns_Currency_Commodity!U4:U524) -> 0.12436031 | L3: =CORREL(Returns_Currency_Commodity!E4:E524,Returns_Currency_Commodity!W4:W524) -> 0.10687874 | M3: =CORREL(Returns_Currency_Commodity!E4:E524,Returns_Currency_Commodity!Y4:Y524) -> 0.25057658
A4: Return RUBUSD | B4: =CORREL(Returns_Currency_Commodity!G4:G524,Returns_Currency_Commodity!C4:C524) -> -0.064486911 | C4: =CORREL(Returns_Currency_Commodity!G4:G524,Returns_Currency_Commodity!E4:E524) -> -0.030630429 | D4: =CORREL(Returns_Currency_Commodity!G4:G524,Returns_Currency_Commodity!G4:G524) -> 1 | E4: =CORREL(Returns_Currency_Commodity!G4:G524,Returns_Currency_Commodity!I4:I524) -> -0.039726413 | F4: =CORREL(Returns_Currency_Commodity!G4:G524,Returns_Currency_Commodity!K4:K524) -> -0.029362842 | G4: =CORREL(Returns_Currency_Commodity!G4:G524,Returns_Currency_Commodity!M4:M524) -> 0.062080974 | H4: =CORREL(Returns_Currency_Commodity!G4:G524,Returns_Currency_Commodity!O4:O524) -> 0.0094438947 | I4: =CORREL(Returns_Currency_Commodity!G4:G524,Returns_Currency_Commodity!Q4:Q524) -> 0.060858141 | J4: =CORREL(Returns_Currency_Commodity!G4:G524,Returns_Currency_Commodity!S4:S524) -> -0.0057878387 | K4: =CORREL(Returns_Currency_Commodity!G4:G524,Returns_Currency_Commodity!U4:U524) -> -0.035585747 | L4: =CORREL(Returns_Currency_Commodity!G4:G524,Returns_Currency_Commodity!W4:W524) -> -0.0063955955 | M4: =CORREL(Returns_Currency_Commodity!G4:G524,Returns_Currency_Commodity!Y4:Y524) -> -0.061120646
A5: Return CNYUSD | B5: =CORREL(Returns_Currency_Commodity!I4:I524,Returns_Currency_Commodity!C4:C524) -> 0.39458857 | C5: =CORREL(Returns_Currency_Commodity!I4:I524,Returns_Currency_Commodity!E4:E524) -> 0.36728372 | D5: =CORREL(Returns_Currency_Commodity!I4:I524,Returns_Currency_Commodity!G4:G524) -> -0.039726413 | E5: =CORREL(Returns_Currency_Commodity!I4:I524,Returns_Currency_Commodity!I4:I524) -> 1 | F5: =CORREL(Returns_Currency_Commodity!I4:I524,Returns_Currency_Commodity!K4:K524) -> -0.030255949 | G5: =CORREL(Returns_Currency_Commodity!I4:I524,Returns_Currency_Commodity!M4:M524) -> 0.22223272 | H5: =CORREL(Returns_Currency_Commodity!I4:I524,Returns_Currency_Commodity!O4:O524) -> 0.2003449 | I5: =CORREL(Returns_Currency_Commodity!I4:I524,Returns_Currency_Commodity!Q4:Q524) -> 0.13861498 | J5: =CORREL(Returns_Currency_Commodity!I4:I524,Returns_Currency_Commodity!S4:S524) -> 0.038764419 | K5: =CORREL(Returns_Currency_Commodity!I4:I524,Returns_Currency_Commodity!U4:U524) -> 0.16050017 | L5: =CORREL(Returns_Currency_Commodity!I4:I524,Returns_Currency_Commodity!W4:W524) -> 0.076408551 | M5: =CORREL(Returns_Currency_Commodity!I4:I524,Returns_Currency_Commodity!Y4:Y524) -> 0.20250646
A6: Return AEDUSD | B6: =CORREL(Returns_Currency_Commodity!K4:K524,Returns_Currency_Commodity!C4:C524) -> -0.020319461 | C6: =CORREL(Returns_Currency_Commodity!K4:K524,Returns_Currency_Commodity!E4:E524) -> 0.035064302 | D6: =CORREL(Returns_Currency_Commodity!K4:K524,Returns_Currency_Commodity!G4:G524) -> -0.029362842 | E6: =CORREL(Returns_Currency_Commodity!K4:K524,Returns_Currency_Commodity!I4:I524) -> -0.030255949 | F6: =CORREL(Returns_Currency_Commodity!K4:K524,Returns_Currency_Commodity!K4:K524) -> 1 | G6: =CORREL(Returns_Currency_Commodity!K4:K524,Returns_Currency_Commodity!M4:M524) -> -0.057898107 | H6: =CORREL(Returns_Currency_Commodity!K4:K524,Returns_Currency_Commodity!O4:O524) -> -0.004678045 | I6: =CORREL(Returns_Currency_Commodity!K4:K524,Returns_Currency_Commodity!Q4:Q524) -> -0.052372184 | J6: =CORREL(Returns_Currency_Commodity!K4:K524,Returns_Currency_Commodity!S4:S524) -> -0.0049255684 | K6: =CORREL(Returns_Currency_Commodity!K4:K524,Returns_Currency_Commodity!U4:U524) -> 0.040334874 | L6: =CORREL(Returns_Currency_Commodity!K4:K524,Returns_Currency_Commodity!W4:W524) -> -0.074446088 | M6: =CORREL(Returns_Currency_Commodity!K4:K524,Returns_Currency_Commodity!Y4:Y524) -> 0.01232893
A7: Return Gold | B7: =CORREL(Returns_Currency_Commodity!M4:M524,Returns_Currency_Commodity!C4:C524) -> 0.31706441 | C7: =CORREL(Returns_Currency_Commodity!M4:M524,Returns_Currency_Commodity!E4:E524) -> 0.19577588 | D7: =CORREL(Returns_Currency_Commodity!M4:M524,Returns_Currency_Commodity!G4:G524) -> 0.062080974 | E7: =CORREL(Returns_Currency_Commodity!M4:M524,Returns_Currency_Commodity!I4:I524) -> 0.22223272 | F7: =CORREL(Returns_Currency_Commodity!M4:M524,Returns_Currency_Commodity!K4:K524) -> -0.057898107 | G7: =CORREL(Returns_Currency_Commodity!M4:M524,Returns_Currency_Commodity!M4:M524) -> 1 | H7: =CORREL(Returns_Currency_Commodity!M4:M524,Returns_Currency_Commodity!O4:O524) -> 0.7976663 | I7: =CORREL(Returns_Currency_Commodity!M4:M524,Returns_Currency_Commodity!Q4:Q524) -> 0.4242358 | J7: =CORREL(Returns_Currency_Commodity!M4:M524,Returns_Currency_Commodity!S4:S524) -> 0.11239484 | K7: =CORREL(Returns_Currency_Commodity!M4:M524,Returns_Currency_Commodity!U4:U524) -> 0.076289326 | L7: =CORREL(Returns_Currency_Commodity!M4:M524,Returns_Currency_Commodity!W4:W524) -> -0.0089209043 | M7: =CORREL(Returns_Currency_Commodity!M4:M524,Returns_Currency_Commodity!Y4:Y524) -> 0.15645077
A8: Return SILVER | B8: =CORREL(Returns_Currency_Commodity!O4:O524,Returns_Currency_Commodity!C4:C524) -> 0.2743932 | C8: =CORREL(Returns_Currency_Commodity!O4:O524,Returns_Currency_Commodity!E4:E524) -> 0.2529913 | D8: =CORREL(Returns_Currency_Commodity!O4:O524,Returns_Currency_Commodity!G4:G524) -> 0.0094438947 | E8: =CORREL(Returns_Currency_Commodity!O4:O524,Returns_Currency_Commodity!I4:I524) -> 0.2003449 | F8: =CORREL(Returns_Currency_Commodity!O4:O524,Returns_Currency_Commodity!K4:K524) -> -0.004678045 | G8: =CORREL(Returns_Currency_Commodity!O4:O524,Returns_Currency_Commodity!M4:M524) -> 0.7976663 | H8: =CORREL(Returns_Currency_Commodity!O4:O524,Returns_Currency_Commodity!O4:O524) -> 1 | I8: =CORREL(Returns_Currency_Commodity!O4:O524,Returns_Currency_Commodity!Q4:Q524) -> 0.25021996 | J8: =CORREL(Returns_Currency_Commodity!O4:O524,Returns_Currency_Commodity!S4:S524) -> 0.10651333 | K8: =CORREL(Returns_Currency_Commodity!O4:O524,Returns_Currency_Commodity!U4:U524) -> 0.15715635 | L8: =CORREL(Returns_Currency_Commodity!O4:O524,Returns_Currency_Commodity!W4:W524) -> 0.065947896 | M8: =CORREL(Returns_Currency_Commodity!O4:O524,Returns_Currency_Commodity!Y4:Y524) -> 0.31608501
A9: Return WHEAT | B9: =CORREL(Returns_Currency_Commodity!Q4:Q524,Returns_Currency_Commodity!C4:C524) -> 0.17054895 | C9: =CORREL(Returns_Currency_Commodity!Q4:Q524,Returns_Currency_Commodity!E4:E524) -> 0.084176408 | D9: =CORREL(Returns_Currency_Commodity!Q4:Q524,Returns_Currency_Commodity!G4:G524) -> 0.060858141 | E9: =CORREL(Returns_Currency_Commodity!Q4:Q524,Returns_Currency_Commodity!I4:I524) -> 0.13861498 | F9: =CORREL(Returns_Currency_Commodity!Q4:Q524,Returns_Currency_Commodity!K4:K524) -> -0.052372184 | G9: =CORREL(Returns_Currency_Commodity!Q4:Q524,Returns_Currency_Commodity!M4:M524) -> 0.4242358 | H9: =CORREL(Returns_Currency_Commodity!Q4:Q524,Returns_Currency_Commodity!O4:O524) -> 0.25021996 | I9: =CORREL(Returns_Currency_Commodity!Q4:Q524,Returns_Currency_Commodity!Q4:Q524) -> 1 | J9: =CORREL(Returns_Currency_Commodity!Q4:Q524,Returns_Currency_Commodity!S4:S524) -> -0.006318272 | K9: =CORREL(Returns_Currency_Commodity!Q4:Q524,Returns_Currency_Commodity!U4:U524) -> -0.1214359 | L9: =CORREL(Returns_Currency_Commodity!Q4:Q524,Returns_Currency_Commodity!W4:W524) -> -0.099321055 | M9: =CORREL(Returns_Currency_Commodity!Q4:Q524,Returns_Currency_Commodity!Y4:Y524) -> -0.03300646
A10: Return WOOD | B10: =CORREL(Returns_Currency_Commodity!S4:S524,Returns_Currency_Commodity!C4:C524) -> 0.041924705 | C10: =CORREL(Returns_Currency_Commodity!S4:S524,Returns_Currency_Commodity!E4:E524) -> 0.024652375 | D10: =CORREL(Returns_Currency_Commodity!S4:S524,Returns_Currency_Commodity!G4:G524) -> -0.0057878387 | E10: =CORREL(Returns_Currency_Commodity!S4:S524,Returns_Currency_Commodity!I4:I524) -> 0.038764419 | F10: =CORREL(Returns_Currency_Commodity!S4:S524,Returns_Currency_Commodity!K4:K524) -> -0.0049255684 | G10: =CORREL(Returns_Currency_Commodity!S4:S524,Returns_Currency_Commodity!M4:M524) -> 0.11239484 | H10: =CORREL(Returns_Currency_Commodity!S4:S524,Returns_Currency_Commodity!O4:O524) -> 0.10651333 | I10: =CORREL(Returns_Currency_Commodity!S4:S524,Returns_Currency_Commodity!Q4:Q524) -> -0.006318272 | J10: =CORREL(Returns_Currency_Commodity!S4:S524,Returns_Currency_Commodity!S4:S524) -> 1 | K10: =CORREL(Returns_Currency_Commodity!S4:S524,Returns_Currency_Commodity!U4:U524) -> 0.0081835585 | L10: =CORREL(Returns_Currency_Commodity!S4:S524,Returns_Currency_Commodity!W4:W524) -> 0.039143376 | M10: =CORREL(Returns_Currency_Commodity!S4:S524,Returns_Currency_Commodity!Y4:Y524) -> 0.095975803
A11: Return Cotton | B11: =CORREL(Returns_Currency_Commodity!U4:U524,Returns_Currency_Commodity!C4:C524) -> 0.094934304 | C11: =CORREL(Returns_Currency_Commodity!U4:U524,Returns_Currency_Commodity!E4:E524) -> 0.12436031 | D11: =CORREL(Returns_Currency_Commodity!U4:U524,Returns_Currency_Commodity!G4:G524) -> -0.035585747 | E11: =CORREL(Returns_Currency_Commodity!U4:U524,Returns_Currency_Commodity!I4:I524) -> 0.16050017 | F11: =CORREL(Returns_Currency_Commodity!U4:U524,Returns_Currency_Commodity!K4:K524) -> 0.040334874 | G11: =CORREL(Returns_Currency_Commodity!U4:U524,Returns_Currency_Commodity!M4:M524) -> 0.076289326 | H11: =CORREL(Returns_Currency_Commodity!U4:U524,Returns_Currency_Commodity!O4:O524) -> 0.15715635 | I11: =CORREL(Returns_Currency_Commodity!U4:U524,Returns_Currency_Commodity!Q4:Q524) -> -0.1214359 | J11: =CORREL(Returns_Currency_Commodity!U4:U524,Returns_Currency_Commodity!S4:S524) -> 0.0081835585 | K11: =CORREL(Returns_Currency_Commodity!U4:U524,Returns_Currency_Commodity!U4:U524) -> 1 | L11: =CORREL(Returns_Currency_Commodity!U4:U524,Returns_Currency_Commodity!W4:W524) -> 0.15955246 | M11: =CORREL(Returns_Currency_Commodity!U4:U524,Returns_Currency_Commodity!Y4:Y524) -> 0.27760864
A12: Return Graphite | B12: =CORREL(Returns_Currency_Commodity!W4:W524,Returns_Currency_Commodity!C4:C524) -> 0.041189307 | C12: =CORREL(Returns_Currency_Commodity!W4:W524,Returns_Currency_Commodity!E4:E524) -> 0.10687874 | D12: =CORREL(Returns_Currency_Commodity!W4:W524,Returns_Currency_Commodity!G4:G524) -> -0.0063955955 | E12: =CORREL(Returns_Currency_Commodity!W4:W524,Returns_Currency_Commodity!I4:I524) -> 0.076408551 | F12: =CORREL(Returns_Currency_Commodity!W4:W524,Returns_Currency_Commodity!K4:K524) -> -0.074446088 | G12: =CORREL(Returns_Currency_Commodity!W4:W524,Returns_Currency_Commodity!M4:M524) -> -0.0089209043 | H12: =CORREL(Returns_Currency_Commodity!W4:W524,Returns_Currency_Commodity!O4:O524) -> 0.065947896 | I12: =CORREL(Returns_Currency_Commodity!W4:W524,Returns_Currency_Commodity!Q4:Q524) -> -0.099321055 | J12: =CORREL(Returns_Currency_Commodity!W4:W524,Returns_Currency_Commodity!S4:S524) -> 0.039143376 | K12: =CORREL(Returns_Currency_Commodity!W4:W524,Returns_Currency_Commodity!U4:U524) -> 0.15955246 | L12: =CORREL(Returns_Currency_Commodity!W4:W524,Returns_Currency_Commodity!W4:W524) -> 1 | M12: =CORREL(Returns_Currency_Commodity!W4:W524,Returns_Currency_Commodity!Y4:Y524) -> 0.19138258
A13: Return Lithium | B13: =CORREL(Returns_Currency_Commodity!Y4:Y524,Returns_Currency_Commodity!C4:C524) -> 0.10325787 | C13: =CORREL(Returns_Currency_Commodity!Y4:Y524,Returns_Currency_Commodity!E4:E524) -> 0.25057658 | D13: =CORREL(Returns_Currency_Commodity!Y4:Y524,Returns_Currency_Commodity!G4:G524) -> -0.061120646 | E13: =CORREL(Returns_Currency_Commodity!Y4:Y524,Returns_Currency_Commodity!I4:I524) -> 0.20250646 | F13: =CORREL(Returns_Currency_Commodity!Y4:Y524,Returns_Currency_Commodity!K4:K524) -> 0.01232893 | G13: =CORREL(Returns_Currency_Commodity!Y4:Y524,Returns_Currency_Commodity!M4:M524) -> 0.15645077 | H13: =CORREL(Returns_Currency_Commodity!Y4:Y524,Returns_Currency_Commodity!O4:O524) -> 0.31608501 | I13: =CORREL(Returns_Currency_Commodity!Y4:Y524,Returns_Currency_Commodity!Q4:Q524) -> -0.03300646 | J13: =CORREL(Returns_Currency_Commodity!Y4:Y524,Returns_Currency_Commodity!S4:S524) -> 0.095975803 | K13: =CORREL(Returns_Currency_Commodity!Y4:Y524,Returns_Currency_Commodity!U4:U524) -> 0.27760864 | L13: =CORREL(Returns_Currency_Commodity!Y4:Y524,Returns_Currency_Commodity!W4:W524) -> 0.19138258 | M13: =CORREL(Returns_Currency_Commodity!Y4:Y524,Returns_Currency_Commodity!Y4:Y524) -> 1
